"","secondspastepoch","value","nanoseconds","severity","status","timestamp","klystron","hour_data","day_data","year_data","max_value","min_value","median_value","average_value","event_duration_seconds"
"1",1480464020,0.0982647,986242089,0,0,2016-11-30 00:00:20,"li24_61",0,30,2016,0.158447,0.0621481,0.107644,0.111414325662252,3595
"61",1480467600,0.124296,303334721,0,0,2016-11-30 01:00:00,"li24_61",1,30,2016,0.164428,0.0621481,0.116268,0.1119282281198,3599
"122",1480471254,0.124296,609972448,0,0,2016-11-30 02:00:54,"li24_61",2,30,2016,1.53997,0.0761155,0.116268,0.117221109492635,3594
"183",1480474848,0.107644,914128609,0,0,2016-11-30 03:00:48,"li24_61",3,30,2016,0.181191,0.0621481,0.116268,0.113936054213037,3595
"246",1480478463,0.107644,226028583,0,0,2016-11-30 04:01:03,"li24_61",4,30,2016,0.164428,0.0621481,0.107644,0.109747184991568,3594
"305",1480482037,0.0982647,540906916,0,0,2016-11-30 05:00:37,"li24_61",5,30,2016,0.152231,0.0621481,0.107644,0.110396382804674,3594
"365",1480485642,0.138967,324092358,0,0,2016-11-30 06:00:42,"li24_61",6,30,2016,0.164428,0.0621481,0.116268,0.115133083034258,3590
"426",1480489221,0.107644,165414873,0,0,2016-11-30 07:00:21,"li24_61",7,30,2016,0.164428,0.0761155,0.116268,0.115817859708738,3595
"488",1480492830,0.152231,494307398,0,0,2016-11-30 08:00:30,"li24_61",8,30,2016,0.152231,0.0621481,0.107644,0.111759908013356,3599
"548",1480496459,0.0982647,796031117,0,0,2016-11-30 09:00:59,"li24_61",9,30,2016,0.152231,0.0621481,0.107644,0.108506886178862,3590
"609",1480500014,0.0878906,106252182,0,0,2016-11-30 10:00:14,"li24_61",10,30,2016,0.164428,0.0621481,0.107644,0.107310003030303,3594
"669",1480503648,0.0982647,437072181,0,0,2016-11-30 11:00:48,"li24_61",11,30,2016,0.152231,0.0621481,0.107644,0.109553844934641,3594
"730",1480507237,0.0982647,759244336,0,0,2016-11-30 12:00:37,"li24_61",12,30,2016,0.164428,0.0621481,0.107644,0.10883677338843,3595
"790",1480510807,0.116268,935084068,0,0,2016-11-30 13:00:07,"li24_61",13,30,2016,0.181191,0.0761155,0.116268,0.116659576190476,3594
"851",1480514411,0.124296,859155348,0,0,2016-11-30 14:00:11,"li24_61",14,30,2016,0.170199,0.0621481,0.124296,0.120239559574468,3594
"912",1480518005,0.0982647,712645571,0,0,2016-11-30 15:00:05,"li24_61",15,30,2016,0.170199,0.0621481,0.124296,0.121978262695925,3580
"976",1480521615,0.116268,18313100,0,0,2016-11-30 16:00:15,"li24_61",16,30,2016,0.164428,0.0621481,0.116268,0.116508433117932,3599
"1038",1480525224,0.107644,327665449,0,0,2016-11-30 17:00:24,"li24_61",17,30,2016,1.49155,0.0621481,0.116268,0.119979495881384,3594
"1099",1480528853,0.14575,640740557,0,0,2016-11-30 18:00:53,"li24_61",18,30,2016,0.181191,0.0621481,0.116268,0.11623763852459,3594
"1160",1480532442,0.124296,981167670,0,0,2016-11-30 19:00:42,"li24_61",19,30,2016,0.170199,0.0621481,0.116268,0.117698006135987,3595
"1220",1480536037,0.116268,283009143,0,0,2016-11-30 20:00:37,"li24_61",20,30,2016,0.164428,0.0761155,0.116268,0.118531060364842,3584
"1280",1480539616,0.0878906,616807318,0,0,2016-11-30 21:00:16,"li24_61",21,30,2016,0.170199,0.0621481,0.116268,0.114975770700637,3594
"1343",1480543215,0.138967,943750244,0,0,2016-11-30 22:00:15,"li24_61",22,30,2016,0.244677,0.0621481,0.124296,0.121465067576244,3590
"1405",1480546805,0.107644,546345072,0,0,2016-11-30 23:00:05,"li24_61",23,30,2016,0.307617,0.0761155,0.181191,0.177154893026706,3594
"1473",1480550434,0.201383,990019173,0,0,2016-12-01 00:00:34,"li24_61",0,1,2016,1.5802,0,0.196529,0.203208106772334,3595
"1543",1480554049,0.252447,123566097,0,0,2016-12-01 01:00:49,"li24_61",1,1,2016,1.66413,0.0878906,0.215287,0.216714771633238,3594
"1612",1480557608,0.232537,773660887,0,0,2016-12-01 02:00:08,"li24_61",2,1,2016,0.319927,0.0982647,0.201383,0.202560002446043,3594
"1682",1480561233,0.181191,706585274,0,0,2016-12-01 03:00:33,"li24_61",3,1,2016,3.10834,0.107644,0.201383,0.207147502196193,3595
"1750",1480564822,0.232537,498384678,0,0,2016-12-01 04:00:22,"li24_61",4,1,2016,0.316894,0.0982647,0.206122,0.20598126,3595
"1820",1480568442,0.240698,4298701,0,0,2016-12-01 05:00:42,"li24_61",5,1,2016,0.298052,0.0982647,0.201383,0.201045034298119,3594
"1889",1480572036,0.236653,786946180,0,0,2016-12-01 06:00:36,"li24_61",6,1,2016,0.294794,0.0761155,0.158447,0.162968288350983,3595
"1955",1480575641,0.107644,109820531,0,0,2016-12-01 07:00:41,"li24_61",7,1,2016,0.201383,0.0621481,0.124296,0.128534890542636,3594
"2019",1480579205,0.14575,583059030,0,0,2016-12-01 08:00:05,"li24_61",8,1,2016,0.164428,0.0621481,0.116268,0.114230111563518,3599
"2081",1480582849,0.0761155,730150526,0,0,2016-12-01 09:00:49,"li24_61",9,1,2016,1.70653,0.0621481,0.116268,0.115995543349754,3595
"2142",1480586469,0.138967,50959957,0,0,2016-12-01 10:01:09,"li24_61",10,1,2016,0.294794,0,0.131836,0.129751015838509,3579
"2206",1480590028,0.116268,393704316,0,0,2016-12-01 11:00:28,"li24_61",11,1,2016,0.175781,0.0621481,0.116268,0.115253629220779,3594
"2268",1480593662,0.107644,839612821,0,0,2016-12-01 12:01:02,"li24_61",12,1,2016,0.170199,0.0621481,0.116268,0.119998676337115,3595
"2329",1480597212,0.116268,346372492,0,0,2016-12-01 13:00:12,"li24_61",13,1,2016,0.270897,0.0621481,0.116268,0.112996665139116,3589
"2390",1480600801,0.107644,664584991,0,0,2016-12-01 14:00:01,"li24_61",14,1,2016,0.547115,0,0.0761155,0.0826670887573965,2230
"11157",1480607500,0,361832852,0,0,2016-12-01 15:51:40,"li24_61",15,1,2016,0,0,0,0,0
"2608",1480619261,0.158447,742303007,0,0,2016-12-01 19:07:41,"li24_61",19,1,2016,0.191553,0,0.116268,0.117215432608696,3150
"2636",1480622436,0.0878906,150900565,0,0,2016-12-01 20:00:36,"li24_61",20,1,2016,3.03986,0,0.107644,0.117568315702479,3598
"2684",1480626024,0.124296,275788609,0,0,2016-12-01 21:00:24,"li24_61",21,1,2016,1.52485,0,0.107644,0.119164061958998,3588
"2731",1480629913,0.0982647,263996416,0,0,2016-12-01 22:05:13,"li24_61",22,1,2016,1.51914,0,0.107644,0.112860139130435,3596
"2784",1480633213,0.138967,417961881,0,0,2016-12-01 23:00:13,"li24_61",23,1,2016,0.170199,0.0621481,0.116268,0.11514293107438,3594
"2845",1480636842,0.0982647,722890228,0,0,2016-12-02 00:00:42,"li24_61",0,2,2016,0.248592,0.0621481,0.116268,0.113565370743802,3595
"2905",1480640412,0.116268,276873942,0,0,2016-12-02 01:00:12,"li24_61",1,2,2016,0.164428,0.0761155,0.116268,0.112703884742952,3594
"2966",1480644046,0.107644,351758615,0,0,2016-12-02 02:00:46,"li24_61",2,2,2016,0.158447,0.0621481,0.107644,0.109751795765472,3594
"3027",1480647625,0.124296,665242146,0,0,2016-12-02 03:00:25,"li24_61",3,2,2016,0.164428,0.0761155,0.116268,0.112422375617792,3599
"3088",1480651249,0.107644,969445000,0,0,2016-12-02 04:00:49,"li24_61",4,2,2016,0.170199,0.0761155,0.116268,0.118296764976228,3594
"3151",1480654849,0.131836,867677281,0,0,2016-12-02 05:00:49,"li24_61",5,2,2016,1.45684,0.0761155,0.116268,0.115884377922078,3594
"3212",1480658409,0.0982647,429105224,0,0,2016-12-02 06:00:09,"li24_61",6,2,2016,0.158447,0.0621481,0.107644,0.109831097019868,3594
"3273",1480662042,0.116268,907686013,0,0,2016-12-02 07:00:42,"li24_61",7,2,2016,0.164428,0.0621481,0.107644,0.1104088723229,3595
"3333",1480665602,0.116268,230851546,0,0,2016-12-02 08:00:02,"li24_61",8,2,2016,0.186444,0.0621481,0.116268,0.113839762398703,3595
"3395",1480669216,0.116268,548708886,0,0,2016-12-02 09:00:16,"li24_61",9,2,2016,0.164428,0,0.116268,0.11232671038961,3589
"3457",1480672840,0.0878906,849862825,0,0,2016-12-02 10:00:40,"li24_61",10,2,2016,0.175781,0.0761155,0.116268,0.120170463036304,3595
"3517",1480676410,0.116268,172738582,0,0,2016-12-02 11:00:10,"li24_61",11,2,2016,0.170199,0.0621481,0.116268,0.115483882131148,3579
"3578",1480680004,0.138967,486839259,0,0,2016-12-02 12:00:04,"li24_61",12,2,2016,1.82307,0.0761155,0.116268,0.122122003588907,3598
"3640",1480683643,0.131836,797104367,0,0,2016-12-02 13:00:43,"li24_61",13,2,2016,0.181191,0.0621481,0.124296,0.12355571433121,3584
"3702",1480687203,0.124296,112343578,0,0,2016-12-02 14:00:03,"li24_61",14,2,2016,0.170199,0.0761155,0.116268,0.118997858006536,3594
"3764",1480690853,0.116268,138473368,0,0,2016-12-02 15:00:53,"li24_61",15,2,2016,0.164428,0.0621481,0.116268,0.116839466233766,3590
"3825",1480694416,0.116268,850819422,0,0,2016-12-02 16:00:16,"li24_61",16,2,2016,0.164428,0.0621481,0.116268,0.117073792131148,3590
"3886",1480698011,0.116268,46675299,0,0,2016-12-02 17:00:11,"li24_61",17,2,2016,0.170199,0.0621481,0.116268,0.11553194557377,3594
"3947",1480701610,0.14575,360865743,0,0,2016-12-02 18:00:10,"li24_61",18,2,2016,0.170199,0.0439453,0.107644,0.105670757560137,3599
"4005",1480705204,0.107644,702602311,0,0,2016-12-02 19:00:04,"li24_61",19,2,2016,7.86597,0.0621481,0.116268,0.128289671644295,3594
"4065",1480708824,0.0982647,134039724,0,0,2016-12-02 20:00:24,"li24_61",20,2,2016,0.158447,0.0621481,0.107644,0.111223266988728,3595
"4127",1480712418,0.14575,290449829,0,0,2016-12-02 21:00:18,"li24_61",21,2,2016,0.170199,0.0621481,0.116268,0.119831861453397,3594
"4190",1480716002,0.116268,614273180,0,0,2016-12-02 22:00:02,"li24_61",22,2,2016,0.170199,0.0761155,0.116268,0.114151068174204,3594
"4250",1480719622,0.116268,119775893,0,0,2016-12-02 23:00:22,"li24_61",23,2,2016,0.158447,0.0621481,0.107644,0.110248771004942,3595
"4311",1480723236,0.0878906,250680310,0,0,2016-12-03 00:00:36,"li24_61",0,3,2016,0.170199,0.0761155,0.116268,0.11934907576244,3593
"4373",1480726815,0.116268,571073402,0,0,2016-12-03 01:00:15,"li24_61",1,3,2016,0.164428,0.0621481,0.107644,0.111679004440789,3599
"4434",1480730429,0.0982647,886314101,0,0,2016-12-03 02:00:29,"li24_61",2,3,2016,0.164428,0.0621481,0.107644,0.111469122757475,3595
"4494",1480734019,0.107644,205848000,0,0,2016-12-03 03:00:19,"li24_61",3,3,2016,1.94852,0.0761155,0.116268,0.128172664423077,3594
"4557",1480737658,0.107644,505746212,0,0,2016-12-03 04:00:58,"li24_61",4,3,2016,0.158447,0.0621481,0.107644,0.111183734511785,3589
"4616",1480741227,0.116268,823662055,0,0,2016-12-03 05:00:27,"li24_61",5,3,2016,0.170199,0.0621481,0.107644,0.106430623770492,3595
"4677",1480744827,0.107644,135022362,0,0,2016-12-03 06:00:27,"li24_61",6,3,2016,0.181191,0.0761155,0.116268,0.118651677544427,3589
"4739",1480748436,0.131836,443212402,0,0,2016-12-03 07:00:36,"li24_61",7,3,2016,0.164428,0.0761155,0.116268,0.116851565016502,3594
"4799",1480752000,0.131836,788959326,0,0,2016-12-03 08:00:00,"li24_61",8,3,2016,0.175781,0.0621481,0.116268,0.117034762722853,3595
"4861",1480755615,0.116268,94493301,0,0,2016-12-03 09:00:15,"li24_61",9,3,2016,0.175781,0.0761155,0.116268,0.117382851056911,3599
"4923",1480759244,0.131836,410513459,0,0,2016-12-03 10:00:44,"li24_61",10,3,2016,0.175781,0.0621481,0.116268,0.116376046388443,3594
"4985",1480762848,0.116268,722779281,0,0,2016-12-03 11:00:48,"li24_61",11,3,2016,0.170199,0.0761155,0.116268,0.115068586882453,3590
"5167",1480766458,0.116268,39770174,0,0,2016-12-03 12:00:58,"li24_61",12,3,2016,0.762423,0.0621481,0.116268,0.116798067412141,3594
"5229",1480770012,0.0982647,980663479,0,0,2016-12-03 13:00:12,"li24_61",13,3,2016,0.164428,0.0761155,0.116268,0.114841269622332,3594
"5290",1480773626,0.116268,675959364,0,0,2016-12-03 14:00:26,"li24_61",14,3,2016,0.164428,0.0761155,0.107644,0.111863057443366,3595
"5352",1480777235,0.131836,994256088,0,0,2016-12-03 15:00:35,"li24_61",15,3,2016,0.152231,0.0621481,0.107644,0.111173587354409,3594
"5412",1480780830,0.0982647,310025755,0,0,2016-12-03 16:00:30,"li24_61",16,3,2016,0.164428,0.0621481,0.107644,0.111043119243421,3594
"5473",1480784439,0.0982647,617838910,0,0,2016-12-03 17:00:39,"li24_61",17,3,2016,1.60926,0.0621481,0.107644,0.115120962023217,3594
"5533",1480788028,0.131836,928905948,0,0,2016-12-03 18:00:28,"li24_61",18,3,2016,0.158447,0.0621481,0.116268,0.113677923567921,3585
"5840",1480791618,0.116268,225542014,0,0,2016-12-03 19:00:18,"li24_61",19,3,2016,0.152231,0.0621481,0.107644,0.110557204091653,3594
"5901",1480795212,0.107644,549272381,0,0,2016-12-03 20:00:12,"li24_61",20,3,2016,0.164428,0.0761155,0.116268,0.113626155263158,3584
"6331",1480798846,0.124296,850396781,0,0,2016-12-03 21:00:46,"li24_61",21,3,2016,0.158447,0.0761155,0.107644,0.111393295197256,3569
"6389",1480802401,0.0982647,185080913,0,0,2016-12-03 22:00:01,"li24_61",22,3,2016,0.164428,0.0621481,0.107644,0.110651914614122,3594
"6450",1480806005,0.107644,505457159,0,0,2016-12-03 23:00:05,"li24_61",23,3,2016,0.170199,0.0439453,0.116268,0.112282554440789,3599
"6511",1480809620,0.0982647,224575030,0,0,2016-12-04 00:00:20,"li24_61",0,4,2016,1.54934,0.0621481,0.107644,0.110328144776119,3595
"6571",1480813204,0.124296,133161775,0,0,2016-12-04 01:00:04,"li24_61",1,4,2016,0.175781,0.0621481,0.107644,0.111932109477124,3594
"6633",1480816843,0.124296,444409126,0,0,2016-12-04 02:00:43,"li24_61",2,4,2016,0.170199,0.0621481,0.116268,0.114343159143328,3593
"7062",1480820412,0.116268,760089772,0,0,2016-12-04 03:00:12,"li24_61",3,4,2016,0.152231,0.0761155,0.107644,0.109667249354839,3595
"7124",1480824007,0.0982647,158327610,0,0,2016-12-04 04:00:07,"li24_61",4,4,2016,0.170199,0.0621481,0.116268,0.114260750247117,3594
"7554",1480827626,0.124296,429679216,0,0,2016-12-04 05:00:26,"li24_61",5,4,2016,0.365037,0.0621481,0.116268,0.120032833711507,3594
"7616",1480831245,0.124296,686004945,0,0,2016-12-04 06:00:45,"li24_61",6,4,2016,0.170199,0.0761155,0.116268,0.118389359567388,3585
"7676",1480834835,0.116268,164385,0,0,2016-12-04 07:00:35,"li24_61",7,4,2016,0.170199,0.0761155,0.116268,0.11698689274448,3594
"7739",1480838424,0.124296,315882730,0,0,2016-12-04 08:00:24,"li24_61",8,4,2016,0.328857,0.0621481,0.124296,0.131632192610837,3583
"7923",1480842028,0.14575,621389497,0,0,2016-12-04 09:00:28,"li24_61",9,4,2016,0.186444,0.0761155,0.124296,0.12754122656,3595
"7986",1480845653,0.124296,374685079,0,0,2016-12-04 10:00:53,"li24_61",10,4,2016,0.191553,0.0761155,0.124296,0.126235664485981,3585
"8296",1480849232,0.0982647,261366699,0,0,2016-12-04 11:00:32,"li24_61",11,4,2016,0.175781,0.0761155,0.124296,0.125247851740506,3594
"8359",1480852821,0.116268,576601006,0,0,2016-12-04 12:00:21,"li24_61",12,4,2016,0.181191,0.0621481,0.124296,0.125738412898089,3594
"8914",1480856435,0.124296,883433612,0,0,2016-12-04 13:00:35,"li24_61",13,4,2016,0.191553,0.0761155,0.116268,0.120727410227273,3595
"8975",1480860000,0.138967,200922404,0,0,2016-12-04 14:00:00,"li24_61",14,4,2016,0.175781,0.0621481,0.116268,0.119321415299685,3594
"9039",1480863654,0.107644,498659098,0,0,2016-12-04 15:00:54,"li24_61",15,4,2016,0.164428,0.0761155,0.116268,0.118971842948718,3589
"9101",1480867218,0.124296,821029427,0,0,2016-12-04 16:00:18,"li24_61",16,4,2016,0.164428,0.0621481,0.116268,0.11408726215781,3595
"9409",1480870808,0.107644,134251611,0,0,2016-12-04 17:00:08,"li24_61",17,4,2016,0.170199,0.0621481,0.107644,0.109264224267101,3594
"9471",1480874447,0.116268,435079164,0,0,2016-12-04 18:00:47,"li24_61",18,4,2016,0.164428,0.0621481,0.116268,0.115461867419355,3594
"9533",1480878046,0.131836,748114336,0,0,2016-12-04 19:00:46,"li24_61",19,4,2016,0.175781,0.0621481,0.107644,0.109190704411765,3589
"9594",1480881626,0.0982647,60891943,0,0,2016-12-04 20:00:26,"li24_61",20,4,2016,0.164428,0.0621481,0.107644,0.111961352666667,3589
"10023",1480885225,0.107644,377278329,0,0,2016-12-04 21:00:25,"li24_61",21,4,2016,0.158447,0.0761155,0.107644,0.111497410897436,3599
"10085",1480888809,0.124296,687180670,0,0,2016-12-04 22:00:09,"li24_61",22,4,2016,0.158447,0.0621481,0.116268,0.112209881072027,3595
"10514",1480892423,0.116268,999741013,0,0,2016-12-04 23:00:23,"li24_61",23,4,2016,0.158447,0.0439453,0.107644,0.107284816938111,3594
"10575",1480896003,0.107644,310261025,0,0,2016-12-05 00:00:03,"li24_61",0,5,2016,0.152231,0.0621481,0.107644,0.1074672765,3594
"10635",1480899602,0.116268,623360439,0,0,2016-12-05 01:00:02,"li24_61",1,5,2016,0.175781,0.0621481,0.116268,0.114424527669903,3594
"10697",1480903211,0.107644,932175858,0,0,2016-12-05 02:00:11,"li24_61",2,5,2016,0.164428,0.0621481,0.107644,0.111393302588997,3594
"10759",1480906836,0.0982647,256135261,0,0,2016-12-05 03:00:36,"li24_61",3,5,2016,0.175781,0.0761155,0.116268,0.119260275732899,3594
"10820",1480910400,0.138967,582741824,0,0,2016-12-05 04:00:00,"li24_61",4,5,2016,0.170199,0.0621481,0.116268,0.115061746766169,3599
"11250",1480914049,0.107644,889563864,0,0,2016-12-05 05:00:49,"li24_61",5,5,2016,0.2915,0.0621481,0.107644,0.10831490102916,3595
"11308",1480917629,0.0982647,204029397,0,0,2016-12-05 06:00:29,"li24_61",6,5,2016,2.48592,0.0621481,0.107644,0.111078035526316,3594
"11615",1480921248,0.116268,523794048,0,0,2016-12-05 07:00:48,"li24_61",7,5,2016,0.435036,0.0621481,0.107644,0.1131858898527,3589
"11676",1480924832,0.116268,825722021,0,0,2016-12-05 08:00:32,"li24_61",8,5,2016,0.164428,0.0621481,0.116268,0.11481746875,3590
"11737",1480928447,0.0878906,477847463,0,0,2016-12-05 09:00:47,"li24_61",9,5,2016,0.186444,0.0621481,0.116268,0.116536463442623,3589
"11798",1480932036,0.0761155,455798859,0,0,2016-12-05 10:00:36,"li24_61",10,5,2016,0.152231,0.0621481,0.107644,0.103498574328859,3594
"11857",1480935615,0.107644,769187969,0,0,2016-12-05 11:00:15,"li24_61",11,5,2016,0.164428,0.0621481,0.116268,0.115236555189456,3590
"11918",1480939230,0.138967,79992438,0,0,2016-12-05 12:00:30,"li24_61",12,5,2016,0.365037,0.0761155,0.124296,0.126015413001605,3594
"12349",1480942809,0.158447,402637041,0,0,2016-12-05 13:00:09,"li24_61",13,5,2016,0.175781,0.0761155,0.124296,0.124464943015873,3594
"12412",1480946418,0.0982647,721871315,0,0,2016-12-05 14:00:18,"li24_61",14,5,2016,0.662103,0.0621481,0.116268,0.119215669331158,3585
"12966",1480950043,0.131836,30986674,0,0,2016-12-05 15:00:43,"li24_61",15,5,2016,0.158447,0.0621481,0.116268,0.112752130979133,3594
"13028",1480953632,0.0982647,344547355,0,0,2016-12-05 16:00:32,"li24_61",16,5,2016,0.596103,0.0621481,0.107644,0.110499756290323,3594
"13090",1480957226,0.107644,651148104,0,0,2016-12-05 17:00:26,"li24_61",17,5,2016,0.164428,0.0621481,0.107644,0.110801670274637,3594
"13152",1480960836,0.124296,232977661,0,0,2016-12-05 18:00:36,"li24_61",18,5,2016,0.158447,0.0621481,0.116268,0.113610565916399,3590
"13214",1480964425,0.116268,280833137,0,0,2016-12-05 19:00:25,"li24_61",19,5,2016,0.170199,0.0761155,0.107644,0.111784482565789,3594
"13275",1480968034,0.124296,664627518,0,0,2016-12-05 20:00:34,"li24_61",20,5,2016,1.54373,0.0621481,0.116268,0.123312070096463,3589
"13829",1480971623,0.131836,925598531,0,0,2016-12-05 21:00:23,"li24_61",21,5,2016,0.152231,0.0621481,0.107644,0.111510716530278,3595
"13890",1480975218,0.116268,247908981,0,0,2016-12-05 22:00:18,"li24_61",22,5,2016,0.164428,0.0761155,0.107644,0.109607523114754,3594
"14443",1480978817,0.107644,566535161,0,0,2016-12-05 23:00:17,"li24_61",23,5,2016,0.158447,0.0621481,0.116268,0.115579500167785,3594
"14503",1480982436,0.116268,890627260,0,0,2016-12-06 00:00:36,"li24_61",0,6,2016,0.158447,0.0621481,0.107644,0.11031339248,3595
"14565",1480986026,0.0761155,899981107,0,0,2016-12-06 01:00:26,"li24_61",1,6,2016,0.164428,0.0621481,0.107644,0.107868764527027,3594
"14624",1480989600,0.124296,526239449,0,0,2016-12-06 02:00:00,"li24_61",2,6,2016,1.46081,0.0621481,0.116268,0.117131657692308,3599
"14687",1480993250,0.116268,803474017,0,0,2016-12-06 03:00:50,"li24_61",3,6,2016,0.164428,0.0621481,0.116268,0.116539043069307,3590
"14747",1480996804,0.107644,835715025,0,0,2016-12-06 04:00:04,"li24_61",4,6,2016,0.181191,0,0.116268,0.117581867041801,3594
"15425",1481000443,0.124296,488711318,0,0,2016-12-06 05:00:43,"li24_61",5,6,2016,0.201383,0.0761155,0.116268,0.116706088138386,3594
"15485",1481004013,0.124296,192362091,0,0,2016-12-06 06:00:13,"li24_61",6,6,2016,0.175781,0.0761155,0.116268,0.116994741733547,3595
"15794",1481007652,0.131836,121389212,0,0,2016-12-06 07:00:52,"li24_61",7,6,2016,5.62346,0.0621481,0.116268,0.127439681414474,3594
"15854",1481011201,0.124296,470802196,0,0,2016-12-06 08:00:01,"li24_61",8,6,2016,0.158447,0.0621481,0.107644,0.109638247254576,3594
"15915",1481014851,0.131836,568720215,0,0,2016-12-06 09:00:51,"li24_61",9,6,2016,0.158447,0.0621481,0.107644,0.108900410231023,3589
"15975",1481018415,0.116268,828756221,0,0,2016-12-06 10:00:15,"li24_61",10,6,2016,0.170199,0.0761155,0.116268,0.114315237919463,3599
"16650",1481022039,0.107644,446191317,0,0,2016-12-06 11:00:39,"li24_61",11,6,2016,0.252447,0.0621481,0.116268,0.113462290879479,3594
"16711",1481025629,0.131836,694802300,0,0,2016-12-06 12:00:29,"li24_61",12,6,2016,0.158447,0.0621481,0.116268,0.113617788907015,3585
"16895",1481029203,0.0878906,508390339,0,0,2016-12-06 13:00:03,"li24_61",13,6,2016,0.164428,0.0761155,0.116268,0.116034649756098,3594
"16957",1481032833,0.116268,212771185,0,0,2016-12-06 14:00:33,"li24_61",14,6,2016,0.348805,0.0761155,0.124296,0.121823751664025,3589
"17266",1481036421,0.107644,809023686,0,0,2016-12-06 15:00:21,"li24_61",15,6,2016,2.15063,0.0761155,0.124296,0.125282973797678,3585
"17326",1481040006,0.14575,250714942,0,0,2016-12-06 16:00:06,"li24_61",16,6,2016,0.550633,0.0761155,0.124296,0.124145034579439,3594
"17391",1481043645,0.0982647,512977228,0,0,2016-12-06 17:00:45,"li24_61",17,6,2016,0.158447,0.0761155,0.116268,0.11405908226601,3599
"17451",1481047210,0.116268,671822812,0,0,2016-12-06 18:00:10,"li24_61",18,6,2016,1.57162,0.0621481,0.107644,0.115566392962357,3589
"18128",1481050849,0.124296,162256289,0,0,2016-12-06 19:00:49,"li24_61",19,6,2016,1.5185,0.0761155,0.116268,0.118539824459235,3594
"18188",1481054453,0.116268,510411442,0,0,2016-12-06 20:00:53,"li24_61",20,6,2016,0.164428,0.0621481,0.116268,0.113806198214286,3589
"18372",1481058012,0.107644,844872592,0,0,2016-12-06 21:00:12,"li24_61",21,6,2016,0.158447,0.0621481,0.107644,0.112175641894061,3595
"18435",1481061647,0.131836,148677575,0,0,2016-12-06 22:00:47,"li24_61",22,6,2016,0.170199,0.0621481,0.116268,0.113751796710526,3594
"18618",1481065206,0.116268,479189768,0,0,2016-12-06 23:00:06,"li24_61",23,6,2016,0.170199,0.0761155,0.116268,0.117747329411765,3594
"18681",1481068810,0.0982647,801237359,0,0,2016-12-07 00:00:10,"li24_61",0,7,2016,0.304462,0.0621481,0.116268,0.11525979089404,3584
"18742",1481072455,0.0982647,113975919,0,0,2016-12-07 01:00:55,"li24_61",1,7,2016,0.393059,0.0621481,0.107644,0.110234515423729,3589
"18801",1481076049,0.116268,443245498,0,0,2016-12-07 02:00:49,"li24_61",2,7,2016,1.56978,0.0621481,0.107644,0.111832333610649,3594
"19599",1481079639,0.0878906,592259181,0,0,2016-12-07 03:00:39,"li24_61",3,7,2016,0.175781,0.0761155,0.116268,0.120515088146912,3595
"19659",1481083249,0.0982647,10854999,0,0,2016-12-07 04:00:49,"li24_61",4,7,2016,0.186444,0.0761155,0.124296,0.124973533385827,3594
"20214",1481086817,0.116268,399601522,0,0,2016-12-07 05:00:17,"li24_61",5,7,2016,0.175781,0.0761155,0.124296,0.120881319776715,3593
"20277",1481090451,0.170199,694031121,0,0,2016-12-07 06:00:51,"li24_61",6,7,2016,0.186444,0.0761155,0.131836,0.130482540472441,3585
"20340",1481094006,0.124296,13356222,0,0,2016-12-07 07:00:06,"li24_61",7,7,2016,0.181191,0.0621481,0.116268,0.119854106138934,3594
"20402",1481097620,0.124296,321894905,0,0,2016-12-07 08:00:20,"li24_61",8,7,2016,0.181191,0.0621481,0.116268,0.116995145107794,3599
"20463",1481101259,0.164428,884685689,0,0,2016-12-07 09:00:59,"li24_61",9,7,2016,0.175781,0.0761155,0.124296,0.122316062379421,3588
"20525",1481104838,0.116268,944588729,0,0,2016-12-07 10:00:38,"li24_61",10,7,2016,0.538218,0.0761155,0.116268,0.119092931239669,3595
"20831",1481108428,0.116268,291798962,0,0,2016-12-07 11:00:28,"li24_61",11,7,2016,0.506802,0.0761155,0.124296,0.126645803069467,3579
"20893",1481112028,0.152231,431398169,0,0,2016-12-07 12:00:28,"li24_61",12,7,2016,0.191553,0.0761155,0.131836,0.12833498319739,3583
"21569",1481115602,0.138967,49668773,0,0,2016-12-07 13:00:02,"li24_61",13,7,2016,0.181191,0.0761155,0.124296,0.12620370608,3594
"21632",1481119231,0.138967,221638456,0,0,2016-12-07 14:00:31,"li24_61",14,7,2016,0.175781,0.0621481,0.124296,0.123572407348243,3589
"21818",1481122855,0.138967,544034127,0,0,2016-12-07 15:00:55,"li24_61",15,7,2016,0.186444,0.0621481,0.116268,0.119564647020934,3594
"21880",1481126449,0.158447,843992539,0,0,2016-12-07 16:00:49,"li24_61",16,7,2016,1.68374,0.0621481,0.116268,0.122493021473354,3595
"22558",1481130004,0.124296,481791953,0,0,2016-12-07 17:00:04,"li24_61",17,7,2016,1.6519,0.0761155,0.116268,0.116853708866995,3594
"22619",1481133623,0.0878906,465189336,0,0,2016-12-07 18:00:23,"li24_61",18,7,2016,0.164428,0.0761155,0.116268,0.113877172436975,3579
"22679",1481137252,0.0982647,778306564,0,0,2016-12-07 19:00:52,"li24_61",19,7,2016,0.164428,0.0621481,0.116268,0.113087860650407,3589
"22740",1481140812,0.0982647,954123974,0,0,2016-12-07 20:00:12,"li24_61",20,7,2016,1.48701,0,0.116268,0.118798220325203,3594
"23171",1481144437,0.131836,447744376,0,0,2016-12-07 21:00:37,"li24_61",21,7,2016,0.164428,0.0761155,0.116268,0.113233689141005,3594
"23233",1481148050,0.131836,731517840,0,0,2016-12-07 22:00:50,"li24_61",22,7,2016,0.170199,0.0761155,0.116268,0.11274582359736,3594
"24154",1481151615,0.0982647,55447298,0,0,2016-12-07 23:00:15,"li24_61",23,7,2016,0.175781,0.0621481,0.116268,0.117653177011494,3594
"24215",1481155219,0.0878906,366745858,0,0,2016-12-08 00:00:19,"li24_61",0,8,2016,0.164428,0.0761155,0.116268,0.116402362561576,3598
"24399",1481158828,0.116268,684294475,0,0,2016-12-08 01:00:28,"li24_61",1,8,2016,0.164428,0.0621481,0.107644,0.107855133504274,3595
"24457",1481162403,0.116268,3488641,0,0,2016-12-08 02:00:03,"li24_61",2,8,2016,0.158447,0.0761155,0.107644,0.108420620473773,3594
"25009",1481166047,0.107644,297867150,0,0,2016-12-08 03:00:47,"li24_61",3,8,2016,0.158447,0.0621481,0.107644,0.111318909682805,3589
"25068",1481169601,0.116268,626940547,0,0,2016-12-08 04:00:01,"li24_61",4,8,2016,0.158447,0.0621481,0.107644,0.109022292976589,3594
"25128",1481173210,0.138967,940407734,0,0,2016-12-08 05:00:10,"li24_61",5,8,2016,0.164428,0.0761155,0.107644,0.112019330318258,3595
"25188",1481176826,0.107644,275707254,0,0,2016-12-08 06:00:26,"li24_61",6,8,2016,0.158447,0.0621481,0.107644,0.110323740301003,3594
"25863",1481180444,0.0982647,564117825,0,0,2016-12-08 07:00:44,"li24_61",7,8,2016,0.158447,0.0621481,0.107644,0.11055888704918,3594
"25924",1481184049,0.138967,219541113,0,0,2016-12-08 08:00:49,"li24_61",8,8,2016,0.152231,0.0761155,0.107644,0.111703076710098,3595
"26723",1481187623,0.116268,193923340,0,0,2016-12-08 09:00:23,"li24_61",9,8,2016,0.175781,0.0761155,0.116268,0.113038515372425,3594
"26786",1481191223,0.116268,65731563,0,0,2016-12-08 10:00:23,"li24_61",10,8,2016,0.164428,0.0621481,0.116268,0.114850405537459,3589
"26848",1481194842,0.107644,830341338,0,0,2016-12-08 11:00:42,"li24_61",11,8,2016,0.191553,0.0621481,0.116268,0.113054780629139,3595
"26908",1481198431,0.0982647,153561948,0,0,2016-12-08 12:00:31,"li24_61",12,8,2016,0.170199,0.0621481,0.107644,0.111806491666667,3594
"26968",1481202025,0.107644,466786656,0,0,2016-12-08 13:00:25,"li24_61",13,8,2016,0.170199,0.0621481,0.116268,0.112148121464226,3598
"27028",1481205619,0.0878906,776622702,0,0,2016-12-08 14:00:19,"li24_61",14,8,2016,1.52421,0.0621481,0.116268,0.121137348688525,3575
"27704",1481209219,0.175781,90835616,0,0,2016-12-08 15:00:19,"li24_61",15,8,2016,0.181191,0.0621481,0.116268,0.118127393739703,3594
"27765",1481212838,0.124296,404361017,0,0,2016-12-08 16:00:38,"li24_61",16,8,2016,0.170199,0.0621481,0.116268,0.118013875714286,3594
"28074",1481216438,0.131836,363696604,0,0,2016-12-08 17:00:38,"li24_61",17,8,2016,0.164428,0.0621481,0.107644,0.109890811714771,3595
"28133",1481220052,0.107644,32544936,0,0,2016-12-08 18:00:52,"li24_61",18,8,2016,0.181191,0.0761155,0.116268,0.117225563333333,3584
"123518",1481223641,0.0878906,355248659,0,0,2016-12-08 19:00:41,"li24_61",19,8,2016,0.164428,0.0761155,0.116268,0.117707925040128,3594
"123580",1481227225,0.138967,674118235,0,0,2016-12-08 20:00:25,"li24_61",20,8,2016,0.181191,0.0621481,0.116268,0.11529691774461,3584
"123640",1481230804,0.14575,995165689,0,0,2016-12-08 21:00:04,"li24_61",21,8,2016,0.158447,0.0761155,0.116268,0.114172630371567,3599
"123702",1481234419,0.138967,303573344,0,0,2016-12-08 22:00:19,"li24_61",22,8,2016,0.170199,0.0761155,0.116268,0.114764115865385,3594
"123765",1481238053,0.131836,616224985,0,0,2016-12-08 23:00:53,"li24_61",23,8,2016,0.158447,0.0621481,0.107644,0.110370534666667,3594
"123825",1481241657,0.0982647,938219271,0,0,2016-12-09 00:00:57,"li24_61",0,9,2016,0.152231,0.0621481,0.107644,0.110834411241611,3595
"123884",1481245217,0.131836,266011855,0,0,2016-12-09 01:00:17,"li24_61",1,9,2016,0.152231,0.0621481,0.116268,0.112226955706985,3589
"123943",1481248826,0.0761155,578659506,0,0,2016-12-09 02:00:26,"li24_61",2,9,2016,0.175781,0.0621481,0.116268,0.112933185690789,3589
"124004",1481252456,0.124296,25219486,0,0,2016-12-09 03:00:56,"li24_61",3,9,2016,0.164428,0.0621481,0.107644,0.108775407370184,3594
"124063",1481256000,0.107644,215485965,0,0,2016-12-09 04:00:00,"li24_61",4,9,2016,0.158447,0.0621481,0.107644,0.108644999833333,3599
"124123",1481259604,0.107644,523145007,0,0,2016-12-09 05:00:04,"li24_61",5,9,2016,0.170199,0.0761155,0.116268,0.113756962211221,3594
"124184",1481263223,0.124296,833455115,0,0,2016-12-09 06:00:23,"li24_61",6,9,2016,0.219727,0.0621481,0.107644,0.112297074796748,3594
"124246",1481266858,0.116268,155051441,0,0,2016-12-09 07:00:58,"li24_61",7,9,2016,0.186444,0.0621481,0.116268,0.114020479638752,3594
"124306",1481270402,0.107644,480385700,0,0,2016-12-09 08:00:02,"li24_61",8,9,2016,0.164428,0.0761155,0.116268,0.116357419117647,3594
"124368",1481274056,0.0982647,786204790,0,0,2016-12-09 09:00:56,"li24_61",9,9,2016,0.158447,0.0761155,0.116268,0.113496207868852,3594
"124429",1481277641,0.116268,100995028,0,0,2016-12-09 10:00:41,"li24_61",10,9,2016,0.152231,0.0621481,0.107644,0.111450337372014,3594
"124487",1481281210,0.0982647,422605043,0,0,2016-12-09 11:00:10,"li24_61",11,9,2016,0.158447,0.0761155,0.116268,0.11605483627451,3599
"124548",1481284804,0.107644,731984920,0,0,2016-12-09 12:00:04,"li24_61",12,9,2016,0.164428,0.0621481,0.116268,0.11316155678392,3595
"124608",1481288419,0.107644,42115830,0,0,2016-12-09 13:00:19,"li24_61",13,9,2016,4.92031,0.0761155,0.116268,0.122122108609272,3594
"124669",1481292048,0.0878906,788239879,0,0,2016-12-09 14:00:48,"li24_61",14,9,2016,0.158447,0.0621481,0.116268,0.115170594677419,3594
"124731",1481295667,0.124296,662700217,0,0,2016-12-09 15:01:07,"li24_61",15,9,2016,0.158447,0.0621481,0.116268,0.116467810252101,3594
"124790",1481299221,0.124296,985195507,0,0,2016-12-09 16:00:21,"li24_61",16,9,2016,0.158447,0.0761155,0.107644,0.112302116339869,3590
"124851",1481302816,0.124296,297403192,0,0,2016-12-09 17:00:16,"li24_61",17,9,2016,0.170199,0.0621481,0.116268,0.117032664320786,3594
"124912",1481306405,0.124296,621764143,0,0,2016-12-09 18:00:05,"li24_61",18,9,2016,0.170199,0.0761155,0.116268,0.120174931147541,3599
"124973",1481310019,0.107644,951604403,0,0,2016-12-09 19:00:19,"li24_61",19,9,2016,0.158447,0.0621481,0.116268,0.116415584013051,3595
"125035",1481313654,0.116268,289055958,0,0,2016-12-09 20:00:54,"li24_61",20,9,2016,1.47985,0.0621481,0.107644,0.114104616357504,3594
"125094",1481317233,0.0982647,600645447,0,0,2016-12-09 21:00:33,"li24_61",21,9,2016,0.164428,0.0621481,0.107644,0.110520629252782,3594
"125157",1481320842,0.116268,922501325,0,0,2016-12-09 22:00:42,"li24_61",22,9,2016,0.164428,0.0621481,0.107644,0.108032303150912,3595
"125217",1481324432,0.116268,229110262,0,0,2016-12-09 23:00:32,"li24_61",23,9,2016,0.170199,0.0621481,0.116268,0.115187857704918,3578
"125278",1481328016,0.0982647,544984259,0,0,2016-12-10 00:00:16,"li24_61",0,10,2016,0.186444,0.0621481,0.116268,0.11317400016,3589
"125341",1481331655,0.131836,847905957,0,0,2016-12-10 01:00:55,"li24_61",1,10,2016,0.170199,0.0761155,0.116268,0.118727186741214,3585
"125403",1481335211,0.152231,169333396,0,0,2016-12-10 02:00:11,"li24_61",2,10,2016,0.181191,0.0761155,0.116268,0.120874106379585,3599
"125466",1481338834,0.107644,486482334,0,0,2016-12-10 03:00:34,"li24_61",3,10,2016,0.170199,0.0621481,0.116268,0.117486570491803,3594
"125527",1481342428,0.107644,809998535,0,0,2016-12-10 04:00:28,"li24_61",4,10,2016,0.175781,0.0761155,0.116268,0.117362499201278,3595
"125590",1481346064,0.107644,173460720,0,0,2016-12-10 05:01:04,"li24_61",5,10,2016,0.181191,0.0621481,0.107644,0.110761823240589,3584
"125651",1481349642,0.131836,452142680,0,0,2016-12-10 06:00:42,"li24_61",6,10,2016,0.164428,0.0621481,0.107644,0.109023574789916,3588
"125710",1481353216,0.116268,770444704,0,0,2016-12-10 07:00:16,"li24_61",7,10,2016,3.19141,0.0621481,0.107644,0.111377804102564,3595
"125769",1481356851,0.107644,80097447,0,0,2016-12-10 08:00:51,"li24_61",8,10,2016,0.152231,0.0621481,0.107644,0.106836765319865,3594
"125828",1481360425,0.152231,985852722,0,0,2016-12-10 09:00:25,"li24_61",9,10,2016,0.152231,0.0621481,0.107644,0.106472147750865,3599
"125886",1481364049,0.0878906,711718631,0,0,2016-12-10 10:00:49,"li24_61",10,10,2016,0.170199,0.0621481,0.107644,0.108838952801358,3595
"125945",1481367644,0.124296,448525317,0,0,2016-12-10 11:00:44,"li24_61",11,10,2016,0.158447,0.0621481,0.116268,0.115533150909091,3594
"126005",1481371213,0.107644,341879224,0,0,2016-12-10 12:00:13,"li24_61",12,10,2016,0.152231,0.0621481,0.107644,0.109966483783784,3590
"126064",1481374802,0.0761155,662546718,0,0,2016-12-10 13:00:02,"li24_61",13,10,2016,0.175781,0.0621481,0.107644,0.109351386440678,3595
"126123",1481378401,0.116268,984042480,0,0,2016-12-10 14:00:01,"li24_61",14,10,2016,0.158447,0.0621481,0.107644,0.108752027181208,3595
"126183",1481382031,0.0982647,303217862,0,0,2016-12-10 15:00:31,"li24_61",15,10,2016,0.164428,0.0621481,0.111956,0.112089836842105,3584
"126244",1481385635,0.0982647,615481172,0,0,2016-12-10 16:00:35,"li24_61",16,10,2016,0.164428,0.0621481,0.107644,0.111623822964169,3599
"126305",1481389214,0.107644,939603111,0,0,2016-12-10 17:00:14,"li24_61",17,10,2016,1.5954,0.0761155,0.116268,0.116553022405272,3595
"126366",1481392834,0.116268,234057130,0,0,2016-12-10 18:00:34,"li24_61",18,10,2016,0.158447,0.0621481,0.107644,0.110291982421227,3594
"126426",1481396418,0.107644,594645250,0,0,2016-12-10 19:00:18,"li24_61",19,10,2016,0.170199,0.0621481,0.116268,0.115532243844857,3594
"126486",1481400052,0.0878906,862430563,0,0,2016-12-10 20:00:52,"li24_61",20,10,2016,0.175781,0.0621481,0.116268,0.116667006535948,3594
"126547",1481403637,0.116268,190226911,0,0,2016-12-10 21:00:37,"li24_61",21,10,2016,0.170199,0.0621481,0.116268,0.117473472470978,3594
"126607",1481407226,0.131836,516735744,0,0,2016-12-10 22:00:26,"li24_61",22,10,2016,0.164428,0.0761155,0.116268,0.116572140264026,3589
"126668",1481410845,0.116268,854766606,0,0,2016-12-10 23:00:45,"li24_61",23,10,2016,0.164428,0.0621481,0.107644,0.111872061056106,3595
"126728",1481414425,0.116268,161079392,0,0,2016-12-11 00:00:25,"li24_61",0,11,2016,0.164428,0.0621481,0.116268,0.114298235947712,3584
"126789",1481418004,0.0982647,471259599,0,0,2016-12-11 01:00:04,"li24_61",1,11,2016,0.158447,0.0621481,0.107644,0.11075374,3589
"126849",1481421603,0.124296,780747317,0,0,2016-12-11 02:00:03,"li24_61",2,11,2016,0.170199,0.0621481,0.107644,0.110025670881864,3595
"126910",1481425258,0.116268,80968009,0,0,2016-12-11 03:00:58,"li24_61",3,11,2016,0.164428,0.0621481,0.107644,0.10945041024,3594
"126972",1481428833,0.116268,332750187,0,0,2016-12-11 04:00:33,"li24_61",4,11,2016,0.158447,0.0621481,0.116268,0.112080360301508,3583
"127032",1481432441,0.124296,712899460,0,0,2016-12-11 05:00:41,"li24_61",5,11,2016,0.164428,0.0761155,0.116268,0.116115712082671,3595
"127095",1481436046,0.116268,30689022,0,0,2016-12-11 06:00:46,"li24_61",6,11,2016,0.170199,0.0761155,0.116268,0.117022769636964,3594
"127155",1481439610,0.0982647,357296779,0,0,2016-12-11 07:00:10,"li24_61",7,11,2016,1.31763,0.0761155,0.116268,0.117328094572368,3599
"127216",1481443224,0.116268,670094243,0,0,2016-12-11 08:00:24,"li24_61",8,11,2016,0.164428,0.0761155,0.116268,0.114311403257329,3594
"127277",1481446803,0.131836,999551805,0,0,2016-12-11 09:00:03,"li24_61",9,11,2016,0.152231,0.0621481,0.107644,0.108695554440789,3596
"127338",1481450413,0.138967,308895818,0,0,2016-12-11 10:00:13,"li24_61",10,11,2016,0.164428,0.0621481,0.107644,0.112261164215686,3594
"127399",1481454002,0.0878906,626934159,0,0,2016-12-11 11:00:02,"li24_61",11,11,2016,0.170199,0.0761155,0.116268,0.112155147875817,3594
"127461",1481457641,0.14575,942954440,0,0,2016-12-11 12:00:41,"li24_61",12,11,2016,0.164428,0.0621481,0.116268,0.114702568455285,3595
"127522",1481461221,0.131836,263932878,0,0,2016-12-11 13:00:21,"li24_61",13,11,2016,0.186444,0.0761155,0.124296,0.123183466235864,3589
"127584",1481464820,0.131836,578851583,0,0,2016-12-11 14:00:20,"li24_61",14,11,2016,0.170199,0.0761155,0.116268,0.11468342195122,3599
"127646",1481468455,0.107644,308146394,0,0,2016-12-11 15:00:55,"li24_61",15,11,2016,0.164428,0.0761155,0.116268,0.113163067313916,3590
"127707",1481472004,0.131836,216560808,0,0,2016-12-11 16:00:04,"li24_61",16,11,2016,0.175781,0.0761155,0.116268,0.117628873563218,3598
"127768",1481475613,0.152231,526232028,0,0,2016-12-11 17:00:13,"li24_61",17,11,2016,0.170199,0.0761155,0.116268,0.118180595934959,3594
"127830",1481479242,0.138967,843803445,0,0,2016-12-11 18:00:42,"li24_61",18,11,2016,0.152231,0.0621481,0.116268,0.112585443548387,3595
"127892",1481482847,0.107644,162415194,0,0,2016-12-11 19:00:47,"li24_61",19,11,2016,0.170199,0,0.116268,0.114436766171617,3574
"127952",1481486406,0.124296,479289495,0,0,2016-12-11 20:00:06,"li24_61",20,11,2016,0.170199,0.0621481,0.116268,0.114765695137763,3594
"128014",1481490020,0.116268,783124473,0,0,2016-12-11 21:00:20,"li24_61",21,11,2016,0.196529,0.0761155,0.116268,0.117401835737705,3595
"128075",1481493620,0.107644,101731227,0,0,2016-12-11 22:00:20,"li24_61",22,11,2016,0.158447,0.0621481,0.116268,0.114435338599349,3599
"128136",1481497209,0.124296,418397674,0,0,2016-12-11 23:00:09,"li24_61",23,11,2016,0.164428,0.0761155,0.116268,0.119042221521036,3589
"128198",1481500813,0.138967,742761772,0,0,2016-12-12 00:00:13,"li24_61",0,12,2016,0.164428,0.0761155,0.116268,0.116445845483871,3595
"128260",1481504413,0.0982647,49229400,0,0,2016-12-12 01:00:13,"li24_61",1,12,2016,0.170199,0.0621481,0.107644,0.109924155670103,3594
"128318",1481508012,0.0878906,358126156,0,0,2016-12-12 02:00:12,"li24_61",2,12,2016,0.164428,0.0621481,0.107644,0.104366975125209,3584
"128378",1481511611,0.0982647,674898909,0,0,2016-12-12 03:00:11,"li24_61",3,12,2016,0.14575,0.0621481,0.107644,0.10812210765391,3584
"128438",1481515201,0.116268,354421659,0,0,2016-12-12 04:00:01,"li24_61",4,12,2016,0.14575,0.0621481,0.107644,0.107472034505863,3594
"128498",1481518820,0.116268,320897444,0,0,2016-12-12 05:00:20,"li24_61",5,12,2016,1.52294,0.0621481,0.116268,0.118167664900662,3583
"128559",1481522459,0.124296,627270487,0,0,2016-12-12 06:00:59,"li24_61",6,12,2016,0.164428,0.0761155,0.116268,0.11671242900641,3594
"128621",1481526028,0.124296,936057292,0,0,2016-12-12 07:00:28,"li24_61",7,12,2016,0.186444,0.0761155,0.116268,0.117522036781609,3596
"128682",1481529633,0.131836,251288514,0,0,2016-12-12 08:00:33,"li24_61",8,12,2016,0.164428,0.0761155,0.116268,0.118241085430464,3594
"128742",1481533212,0.124296,575212287,0,0,2016-12-12 09:00:12,"li24_61",9,12,2016,2.12033,0.0761155,0.116268,0.120171005169628,3589
"128804",1481536816,0.124296,881992741,0,0,2016-12-12 10:00:16,"li24_61",10,12,2016,0.215287,0.0621481,0.116268,0.11802985266559,3596
"128866",1481540426,0.138967,202417371,0,0,2016-12-12 11:00:26,"li24_61",11,12,2016,0.170199,0.0621481,0.116268,0.112465965755627,3594
"128928",1481544010,0.0878906,512240569,0,0,2016-12-12 12:00:10,"li24_61",12,12,2016,0.158447,0.0621481,0.107644,0.110709605263158,3593
"128989",1481547624,0.124296,827238687,0,0,2016-12-12 13:00:24,"li24_61",13,12,2016,0.175781,0.0761155,0.116268,0.114784591147541,3595
"129050",1481551239,0.0878906,139172113,0,0,2016-12-12 14:00:39,"li24_61",14,12,2016,0.170199,0.0761155,0.116268,0.117901073411371,3589
"129110",1481554838,0.0761155,454116377,0,0,2016-12-12 15:00:38,"li24_61",15,12,2016,0.158447,0.0621481,0.116268,0.115265514121511,3594
"129171",1481558457,0.0982647,773636429,0,0,2016-12-12 16:00:57,"li24_61",16,12,2016,0.175781,0.0761155,0.116268,0.115234727697262,3590
"129233",1481562047,0.124296,100042325,0,0,2016-12-12 17:00:47,"li24_61",17,12,2016,0.164428,0.0761155,0.116268,0.112124517781403,3594
"129294",1481565621,0.107644,413358334,0,0,2016-12-12 18:00:21,"li24_61",18,12,2016,0.196529,0.0621481,0.107644,0.111659424143556,3595
"129355",1481569200,0.131836,733601291,0,0,2016-12-12 19:00:00,"li24_61",19,12,2016,1.46279,0.0621481,0.116268,0.114796404355109,3595
"129415",1481572815,0.116268,46673429,0,0,2016-12-12 20:00:15,"li24_61",20,12,2016,1.57653,0.0761155,0.116268,0.118343320833333,3599
"129478",1481576464,0.131836,997982549,0,0,2016-12-12 21:01:04,"li24_61",21,12,2016,0.158447,0.0621481,0.116268,0.114035731158238,3589
"129539",1481580033,0.107644,666348832,0,0,2016-12-12 22:00:33,"li24_61",22,12,2016,0.164428,0.0621481,0.116268,0.11252711900161,3594
"129601",1481583632,0.124296,980382187,0,0,2016-12-12 23:00:32,"li24_61",23,12,2016,0.170199,0.0761155,0.116268,0.113047064354839,3595
"129663",1481587232,0.0878906,581519452,0,0,2016-12-13 00:00:32,"li24_61",0,13,2016,0.164428,0.0621481,0.107644,0.111575615946844,3594
"129723",1481590816,0.0878906,621428397,0,0,2016-12-13 01:00:16,"li24_61",1,13,2016,0.164428,0.0621481,0.107644,0.107806958249158,3594
"186978",1481594455,0.131836,993981482,0,0,2016-12-13 02:00:55,"li24_61",2,13,2016,0.175781,0.0761155,0.116268,0.115548185737705,3595
"187039",1481598050,0.14575,576308393,0,0,2016-12-13 03:00:50,"li24_61",3,13,2016,0.175781,0.0761155,0.116268,0.11823885505618,3595
"187101",1481601654,0.131836,578133846,0,0,2016-12-13 04:00:54,"li24_61",4,13,2016,0.152231,0.0621481,0.107644,0.105175459585492,3594
"187159",1481605234,0.107644,691393272,0,0,2016-12-13 05:00:34,"li24_61",5,13,2016,0.152231,0.0621481,0.107644,0.10431845601318,3594
"187220",1481608853,0.0982647,214501587,0,0,2016-12-13 06:00:53,"li24_61",6,13,2016,0.170199,0.0621481,0.116268,0.112820579233227,3594
"187282",1481612423,0.152231,532014168,0,0,2016-12-13 07:00:23,"li24_61",7,13,2016,0.170199,0.0761155,0.124296,0.120102727424749,3589
"187342",1481616032,0.116268,150547643,0,0,2016-12-13 08:00:32,"li24_61",8,13,2016,0.252447,0.0621481,0.116268,0.116707266721854,3595
"187402",1481619616,0.14575,781183744,0,0,2016-12-13 09:00:16,"li24_61",9,13,2016,0.164428,0.0621481,0.116268,0.113754693278689,3588
"187463",1481623211,0.107644,92937138,0,0,2016-12-13 10:00:11,"li24_61",10,13,2016,1.4674,0.0761155,0.116268,0.118032889576547,3594
"187525",1481626844,0.124296,771645555,0,0,2016-12-13 11:00:44,"li24_61",11,13,2016,1.53369,0.0761155,0.116268,0.118047716532905,3594
"187587",1481630429,0.124296,81075625,0,0,2016-12-13 12:00:29,"li24_61",12,13,2016,0.175781,0.0621481,0.116268,0.116193243365696,3594
"187649",1481634033,0.107644,399408637,0,0,2016-12-13 13:00:33,"li24_61",13,13,2016,0.170199,0.0621481,0.116268,0.115599026929392,3594
"187710",1481637647,0.14575,717480443,0,0,2016-12-13 14:00:47,"li24_61",14,13,2016,0.164428,0.0439453,0.116268,0.117130106403941,3590
"187771",1481641242,0.158447,24272474,0,0,2016-12-13 15:00:42,"li24_61",15,13,2016,0.175781,0.0761155,0.124296,0.122057977813505,3590
"187833",1481644837,0.131836,228437457,0,0,2016-12-13 16:00:37,"li24_61",16,13,2016,0.175781,0.0621481,0.116268,0.118590581023102,3594
"187893",1481648400,0.116268,670212467,0,0,2016-12-13 17:00:00,"li24_61",17,13,2016,0.170199,0.0621481,0.116268,0.114114006633499,3599
"187954",1481652054,0.124296,973062763,0,0,2016-12-13 18:00:54,"li24_61",18,13,2016,0.175781,0.0621481,0.116268,0.116939805728314,3595
"188015",1481655639,0.131836,293146835,0,0,2016-12-13 19:00:39,"li24_61",19,13,2016,1.57653,0.0761155,0.116268,0.120229825324675,3594
"188076",1481659203,0.131836,608890821,0,0,2016-12-13 20:00:03,"li24_61",20,13,2016,0.170199,0.0621481,0.116268,0.116548447987118,3595
"188139",1481662847,0.116268,923070457,0,0,2016-12-13 21:00:47,"li24_61",21,13,2016,0.170199,0.0621481,0.116268,0.116195580541455,3595
"188198",1481666453,0.107644,79927151,0,0,2016-12-13 22:00:53,"li24_61",22,13,2016,0.158447,0.0621481,0.107644,0.11145341495935,3594
"188259",1481670016,0.131836,574984564,0,0,2016-12-13 23:00:16,"li24_61",23,13,2016,0.206122,0.0621481,0.107644,0.107302018896321,3594
"188319",1481673626,0.116268,743601368,0,0,2016-12-14 00:00:26,"li24_61",0,14,2016,0.164428,0.0621481,0.107644,0.107400692773109,3595
"188378",1481677200,0.0878906,215648415,0,0,2016-12-14 01:00:00,"li24_61",1,14,2016,1.58447,0.0621481,0.111956,0.114782860465116,3599
"188439",1481680849,0.107644,521361565,0,0,2016-12-14 02:00:49,"li24_61",2,14,2016,0.164428,0.0761155,0.116268,0.112804563252033,3594
"188500",1481684424,0.107644,60626772,0,0,2016-12-14 03:00:24,"li24_61",3,14,2016,0.164428,0,0.116268,0.114821613344316,3595
"188561",1481688033,0.116268,166467457,0,0,2016-12-14 04:00:33,"li24_61",4,14,2016,1.50445,0,0.116268,0.117154698504983,3594
"188621",1481691627,0.0878906,476309794,0,0,2016-12-14 05:00:27,"li24_61",5,14,2016,0.152231,0.0621481,0.107644,0.106200923986486,3588
"188680",1481695212,0.0982647,106070962,0,0,2016-12-14 06:00:12,"li24_61",6,14,2016,0.164428,0.0621481,0.107644,0.106608482996633,3590
"188740",1481698841,0.0761155,94842215,0,0,2016-12-14 07:00:41,"li24_61",7,14,2016,0.14575,0.0621481,0.0982647,0.102084497113752,3595
"188799",1481702475,0.116268,398920261,0,0,2016-12-14 08:01:15,"li24_61",8,14,2016,0.170199,0.0621481,0.107644,0.11067714109589,3599
"188857",1481706029,0.158447,718141941,0,0,2016-12-14 09:00:29,"li24_61",9,14,2016,1.47463,0.0621481,0.107644,0.114399720327869,3595
"188918",1481709644,0.124296,231918920,0,0,2016-12-14 10:00:44,"li24_61",10,14,2016,0.152231,0.0621481,0.107644,0.107242683529412,3584
"188977",1481713203,0.116268,479602554,0,0,2016-12-14 11:00:03,"li24_61",11,14,2016,0.158447,0.0621481,0.107644,0.108716343305785,3594
"189038",1481716827,0.107644,934817453,0,0,2016-12-14 12:00:27,"li24_61",12,14,2016,0.164428,0.0761155,0.111956,0.112390507792208,3595
"189100",1481720461,0.0878906,973527829,0,0,2016-12-14 13:01:01,"li24_61",13,14,2016,0.181191,0.0621481,0.116268,0.113480993894389,3590
"189160",1481724016,0.131836,372865758,0,0,2016-12-14 14:00:16,"li24_61",14,14,2016,0.277935,0.0621481,0.107644,0.111547950827815,3594
"189221",1481727650,0.116268,610987161,0,0,2016-12-14 15:00:50,"li24_61",15,14,2016,0.181191,0.0621481,0.116268,0.116850622383253,3599
"189283",1481731244,0.107644,923699494,0,0,2016-12-14 16:00:44,"li24_61",16,14,2016,1.08359,0.0621481,0.107644,0.110523564686469,3595
"189343",1481734814,0.116268,237799791,0,0,2016-12-14 17:00:14,"li24_61",17,14,2016,0.175781,0.0621481,0.116268,0.114175768729097,3594
"189403",1481738423,0.107644,562524674,0,0,2016-12-14 18:00:23,"li24_61",18,14,2016,0.164428,0.0621481,0.107644,0.110743886956522,3594
"189463",1481742033,0.0761155,620448231,0,0,2016-12-14 19:00:33,"li24_61",19,14,2016,0.175781,0.0761155,0.107644,0.111709711396469,3595
"189525",1481745617,0.107644,190171443,0,0,2016-12-14 20:00:17,"li24_61",20,14,2016,0.164428,0.0621481,0.107644,0.108398108652246,3594
"189585",1481749216,0.175781,497323116,0,0,2016-12-14 21:00:16,"li24_61",21,14,2016,0.175781,0.0621481,0.116268,0.113690307166124,3594
"189647",1481752855,0.0982647,802399806,0,0,2016-12-14 22:00:55,"li24_61",22,14,2016,0.164428,0.0761155,0.116268,0.116559665346535,3595
"189707",1481756415,0.116268,124633188,0,0,2016-12-14 23:00:15,"li24_61",23,14,2016,0.274438,0.0621481,0.116268,0.114301048012719,3599
"189770",1481760019,0.0982647,442432010,0,0,2016-12-15 00:00:19,"li24_61",0,15,2016,1.54247,0.0621481,0.107644,0.113734775288303,3594
"189831",1481763633,0.116268,779159232,0,0,2016-12-15 01:00:33,"li24_61",1,15,2016,0.164428,0.0621481,0.107644,0.109533374668874,3595
"189891",1481767223,0.0982647,157535837,0,0,2016-12-15 02:00:23,"li24_61",2,15,2016,0.158447,0.0621481,0.107644,0.11182496446281,3594
"189952",1481770857,0.138967,484905023,0,0,2016-12-15 03:00:57,"li24_61",3,15,2016,0.164428,0.0621481,0.116268,0.114977403915171,3585
"190013",1481774426,0.0982647,823166090,0,0,2016-12-15 04:00:26,"li24_61",4,15,2016,0.170199,0.0621481,0.107644,0.111593089900662,3595
"190073",1481778001,0.107644,154639322,0,0,2016-12-15 05:00:01,"li24_61",5,15,2016,2.68102,0.0761155,0.107644,0.115694814052288,3594
"190135",1481781660,0.116268,454055135,0,0,2016-12-15 06:01:00,"li24_61",6,15,2016,0.152231,0.0761155,0.116268,0.11322602907916,3594
"190197",1481785264,0.107644,760292224,0,0,2016-12-15 07:01:04,"li24_61",7,15,2016,1.47463,0.0761155,0.116268,0.114770425165563,3590
"190257",1481788839,0.0982647,80308617,0,0,2016-12-15 08:00:39,"li24_61",8,15,2016,0.164428,0.0621481,0.116268,0.112007109882747,3589
"190317",1481792448,0.14575,393648924,0,0,2016-12-15 09:00:48,"li24_61",9,15,2016,0.164428,0.0761155,0.116268,0.113263617142857,3594
"190376",1481796017,0.107644,707039448,0,0,2016-12-15 10:00:17,"li24_61",10,15,2016,0.170199,0.0621481,0.116268,0.114811401669449,3595
"190436",1481799622,0.0982647,33659460,0,0,2016-12-15 11:00:22,"li24_61",11,15,2016,0.158447,0.0761155,0.116268,0.116303768235294,3594
"190496",1481803251,0.0982647,343864203,0,0,2016-12-15 12:00:51,"li24_61",12,15,2016,0.164428,0.0621481,0.116268,0.115286363097199,3594
"190556",1481806815,0.124296,667005563,0,0,2016-12-15 13:00:15,"li24_61",13,15,2016,0.164428,0.0621481,0.116268,0.113876117412935,3594
"190617",1481810465,0.107644,183129195,0,0,2016-12-15 14:01:05,"li24_61",14,15,2016,0.175781,0.0621481,0.116268,0.117032726929392,3590
"190677",1481814014,0.0878906,409499313,0,0,2016-12-15 15:00:14,"li24_61",15,15,2016,0.175781,0.0621481,0.116268,0.117129532247557,3584
"190739",1481817643,0.116268,619150962,0,0,2016-12-15 16:00:43,"li24_61",16,15,2016,0.158447,0.0761155,0.116268,0.113486219148936,3579
"190800",1481821227,0.0982647,933085910,0,0,2016-12-15 17:00:27,"li24_61",17,15,2016,0.164428,0.0621481,0.107644,0.110432140065681,3595
"190861",1481824852,0.107644,264779163,0,0,2016-12-15 18:00:52,"li24_61",18,15,2016,0.14575,0.0621481,0.107644,0.106105887710438,3590
"190920",1481828416,0.116268,578021037,0,0,2016-12-15 19:00:16,"li24_61",19,15,2016,0.181191,0.0621481,0.107644,0.109334917346939,3595
"190979",1481832040,0.107644,890220323,0,0,2016-12-15 20:00:40,"li24_61",20,15,2016,0.186444,0,0.107644,0.110012110588235,3595
"191039",1481835650,0.107644,210602098,0,0,2016-12-15 21:00:50,"li24_61",21,15,2016,0.152231,0.0761155,0.107644,0.111786369756098,3599
"191100",1481839224,0.0982647,529128916,0,0,2016-12-15 22:00:24,"li24_61",22,15,2016,0.359708,0.0621481,0.116268,0.113128483171521,3594
"191162",1481842833,0.138967,837268128,0,0,2016-12-15 23:00:33,"li24_61",23,15,2016,0.164428,0.0621481,0.107644,0.110244088157895,3595
"191223",1481846458,0.107644,151024855,0,0,2016-12-16 00:00:58,"li24_61",0,16,2016,0.170199,0.0621481,0.107644,0.111702463471074,3595
"191283",1481850027,0.107644,464191377,0,0,2016-12-16 01:00:27,"li24_61",1,16,2016,1.12641,0.0621481,0.107644,0.111770507907743,3584
"191344",1481853631,0.0982647,788763633,0,0,2016-12-16 02:00:31,"li24_61",2,16,2016,0.152231,0.0621481,0.107644,0.107008739368771,3595
"191404",1481857221,0.131836,100883421,0,0,2016-12-16 03:00:21,"li24_61",3,16,2016,0.158447,0.0621481,0.107644,0.108793078702163,3595
"191464",1481860815,0.0982647,425910519,0,0,2016-12-16 04:00:15,"li24_61",4,16,2016,0.170199,0.0621481,0.116268,0.113241637216828,3599
"191526",1481864429,0.116268,731151866,0,0,2016-12-16 05:00:29,"li24_61",5,16,2016,1.55681,0.0621481,0.107644,0.114117157482993,3594
"191585",1481868039,0.0982647,47848024,0,0,2016-12-16 06:00:39,"li24_61",6,16,2016,0.175781,0.0621481,0.107644,0.111861058890701,3594
"191646",1481871628,0.0982647,359789082,0,0,2016-12-16 07:00:28,"li24_61",7,16,2016,0.215287,0.0621481,0.116268,0.113221387179487,3594
"191708",1481875202,0.0761155,692960493,0,0,2016-12-16 08:00:02,"li24_61",8,16,2016,0.175781,0.0761155,0.116268,0.114100478317152,3595
"191770",1481878817,0.124296,113145323,0,0,2016-12-16 09:00:17,"li24_61",9,16,2016,0.181191,0.0621481,0.116268,0.113214375415282,3589
"191830",1481882401,0.116268,382588065,0,0,2016-12-16 10:00:01,"li24_61",10,16,2016,0.158447,0.0621481,0.107644,0.108980778453947,3594
"191891",1481886015,0.107644,634820020,0,0,2016-12-16 11:00:15,"li24_61",11,16,2016,0.158447,0.0621481,0.116268,0.113125472195122,3599
"191953",1481889665,0.107644,128244788,0,0,2016-12-16 12:01:05,"li24_61",12,16,2016,1.54373,0.0621481,0.116268,0.115279870351759,3595
"192012",1481893204,0.116268,273657417,0,0,2016-12-16 13:00:04,"li24_61",13,16,2016,7.23391,0.0621481,0.107644,0.121641096587031,3594
"192071",1481896823,0.116268,589132363,0,0,2016-12-16 14:00:23,"li24_61",14,16,2016,0.158447,0.0621481,0.107644,0.10989171207483,3594
"192130",1481900437,0.131836,901551443,0,0,2016-12-16 15:00:37,"li24_61",15,16,2016,0.164428,0.0621481,0.107644,0.1098773875,3595
"192188",1481904012,0.116268,229044913,0,0,2016-12-16 16:00:12,"li24_61",16,16,2016,0.158447,0.0621481,0.107644,0.110806911655405,3584
"192247",1481907606,0.0982647,536615786,0,0,2016-12-16 17:00:06,"li24_61",17,16,2016,0.170199,0.0621481,0.107644,0.11270997072,3589
"192310",1481911230,0.107644,838194094,0,0,2016-12-16 18:00:30,"li24_61",18,16,2016,0.170199,0.0761155,0.116268,0.11607658692185,3595
"192373",1481914860,0.107644,711586446,0,0,2016-12-16 19:01:00,"li24_61",19,16,2016,1.13919,0.0761155,0.116268,0.121365202941176,3599
"192434",1481918434,0.124296,467373764,0,0,2016-12-16 20:00:34,"li24_61",20,16,2016,1.62598,0.0761155,0.124296,0.124101733606557,3590
"192495",1481922044,0.107644,685408926,0,0,2016-12-16 21:00:44,"li24_61",21,16,2016,0.164428,0.0621481,0.116268,0.11403547171381,3595
"192555",1481925633,0.0982647,103030029,0,0,2016-12-16 22:00:33,"li24_61",22,16,2016,0.158447,0.0621481,0.116268,0.112003461333333,3594
"192615",1481929252,0.0982647,409248604,0,0,2016-12-16 23:00:52,"li24_61",23,16,2016,0.152231,0.0621481,0.107644,0.109450978056951,3585
"192675",1481932851,0.116268,725293457,0,0,2016-12-17 00:00:51,"li24_61",0,17,2016,0.175781,0.0621481,0.116268,0.112801440991736,3595
"192735",1481936416,0.138967,56479325,0,0,2016-12-17 01:00:16,"li24_61",1,17,2016,0.181191,0.0621481,0.107644,0.108118711317568,3594
"192794",1481940005,0.131836,368070474,0,0,2016-12-17 02:00:05,"li24_61",2,17,2016,0.158447,0.0621481,0.107644,0.110657856980519,3599
"192856",1481943629,0.116268,683080492,0,0,2016-12-17 03:00:29,"li24_61",3,17,2016,0.186444,0.0621481,0.107644,0.110232943492586,3594
"192917",1481947264,0.124296,858318295,0,0,2016-12-17 04:01:04,"li24_61",4,17,2016,0.158447,0.0621481,0.107644,0.109321660620915,3584
"192978",1481950838,0.0982647,307652414,0,0,2016-12-17 05:00:38,"li24_61",5,17,2016,0.152231,0.0621481,0.107644,0.107310079018613,3594
"193037",1481954427,0.0761155,614385397,0,0,2016-12-17 06:00:27,"li24_61",6,17,2016,0.164428,0.0621481,0.107644,0.108079070252101,3595
"193096",1481958001,0.124296,934376487,0,0,2016-12-17 07:00:01,"li24_61",7,17,2016,0.164428,0.0761155,0.116268,0.113168662040134,3596
"193156",1481961611,0.0761155,237302955,0,0,2016-12-17 08:00:11,"li24_61",8,17,2016,0.14575,0.0621481,0.107644,0.108642108264463,3594
"193217",1481965256,0.0982647,63285339,0,0,2016-12-17 09:00:56,"li24_61",9,17,2016,0.164428,0.0621481,0.116268,0.112243579931973,3599
"193276",1481968849,0.107644,863055943,0,0,2016-12-17 10:00:49,"li24_61",10,17,2016,0.191553,0.0621481,0.124296,0.120746931663974,3595
"193337",1481972404,0.124296,192059694,0,0,2016-12-17 11:00:04,"li24_61",11,17,2016,0.175781,0.0621481,0.124296,0.123506122675367,3594
"193399",1481976043,0.0878906,498797680,0,0,2016-12-17 12:00:43,"li24_61",12,17,2016,0.181191,0.0621481,0.116268,0.114653494472362,3594
"193458",1481979602,0.107644,842586590,0,0,2016-12-17 13:00:02,"li24_61",13,17,2016,0.164428,0.0621481,0.107644,0.10780174534687,3595
"253911",1481983252,0.116268,150088197,0,0,2016-12-17 14:00:52,"li24_61",14,17,2016,0.152231,0.0621481,0.107644,0.105700650921273,3594
"253970",1481986816,0.124296,472995535,0,0,2016-12-17 15:00:16,"li24_61",15,17,2016,0.152231,0.0439453,0.107644,0.109077936106489,3585
"254030",1481990405,0.131836,793674495,0,0,2016-12-17 16:00:05,"li24_61",16,17,2016,1.56423,0.0621481,0.116268,0.114481567763158,3595
"254091",1481994025,0.138967,111888396,0,0,2016-12-17 17:00:25,"li24_61",17,17,2016,1.51723,0.0761155,0.116268,0.119313077759197,3599
"254151",1481997629,0.107644,439198375,0,0,2016-12-17 18:00:29,"li24_61",18,17,2016,1.43413,0,0.116268,0.11875406650641,3594
"254213",1482001213,0.107644,730262364,0,0,2016-12-17 19:00:13,"li24_61",19,17,2016,0.158447,0.0761155,0.116268,0.113890904399323,3594
"254272",1482004803,0.124296,43146664,0,0,2016-12-17 20:00:03,"li24_61",20,17,2016,0.152231,0.0621481,0.116268,0.111362941919192,3594
"254332",1482008437,0.124296,347002476,0,0,2016-12-17 21:00:37,"li24_61",21,17,2016,0.158447,0.0621481,0.107644,0.110282817983193,3594
"254391",1482012006,0.131836,674925362,0,0,2016-12-17 22:00:06,"li24_61",22,17,2016,0.164428,0.0761155,0.116268,0.118392208191126,3595
"254450",1482015640,0.124296,979179986,0,0,2016-12-17 23:00:40,"li24_61",23,17,2016,0.170199,0.0621481,0.107644,0.110937417241379,3590
"254508",1482019230,0.124296,306667504,0,0,2016-12-18 00:00:30,"li24_61",0,18,2016,1.56608,0.0761155,0.116268,0.119101976229508,3599
"254569",1482022840,0.0982647,487809607,0,0,2016-12-18 01:00:40,"li24_61",1,18,2016,1.56485,0.0761155,0.116268,0.116990379836066,3589
"254630",1482026443,0.0982647,934771040,0,0,2016-12-18 02:00:43,"li24_61",2,18,2016,0.164428,0.0621481,0.107644,0.107915572019868,3595
"254690",1482030008,0.131836,247436925,0,0,2016-12-18 03:00:08,"li24_61",3,18,2016,0.175781,0.0621481,0.116268,0.118012028524046,3594
"254751",1482033647,0.107644,570962187,0,0,2016-12-18 04:00:47,"li24_61",4,18,2016,0.170199,0.0621481,0.116268,0.114233131561462,3594
"254811",1482037231,0.107644,875115828,0,0,2016-12-18 05:00:31,"li24_61",5,18,2016,0.158447,0.0621481,0.107644,0.110713529207921,3595
"254871",1482040806,0.131836,201606719,0,0,2016-12-18 06:00:06,"li24_61",6,18,2016,0.152231,0.0761155,0.107644,0.108985680034423,3584
"254930",1482044471,0.107644,11743036,0,0,2016-12-18 07:01:11,"li24_61",7,18,2016,0.164428,0.0621481,0.107644,0.111004901186441,3584
"254989",1482048059,0.116268,816735837,0,0,2016-12-18 08:00:59,"li24_61",8,18,2016,0.175781,0.0439453,0.107644,0.110790143874172,3595
"255049",1482051644,0.0878906,133840980,0,0,2016-12-18 09:00:44,"li24_61",9,18,2016,0.170199,0.0761155,0.107644,0.111434230298013,3594
"255109",1482055208,0.131836,556970263,0,0,2016-12-18 10:00:08,"li24_61",10,18,2016,0.170199,0.0621481,0.116268,0.116840264412238,3594
"255171",1482058803,0.116268,535337776,0,0,2016-12-18 11:00:03,"li24_61",11,18,2016,0.181191,0.0761155,0.116268,0.11693919009901,3594
"255232",1482062422,0.0982647,123721663,0,0,2016-12-18 12:00:22,"li24_61",12,18,2016,0.158447,0.0761155,0.107644,0.110374107419899,3595
"255291",1482066012,0.116268,377201903,0,0,2016-12-18 13:00:12,"li24_61",13,18,2016,0.152231,0.0621481,0.107644,0.112171023102867,3589
"255351",1482069650,0.131836,732614526,0,0,2016-12-18 14:00:50,"li24_61",14,18,2016,0.181191,0.0621481,0.107644,0.1080208825,3585
"255411",1482073265,0.116268,51209674,0,0,2016-12-18 15:01:05,"li24_61",15,18,2016,0.14575,0.0621481,0.107644,0.109275593934142,3599
"255468",1482076809,0.107644,366108221,0,0,2016-12-18 16:00:09,"li24_61",16,18,2016,0.181191,0.0761155,0.116268,0.113396432225914,3594
"255529",1482080468,0.107644,712991998,0,0,2016-12-18 17:01:08,"li24_61",17,18,2016,0.164428,0.0621481,0.116268,0.114958438103161,3595
"255589",1482084043,0.116268,621389587,0,0,2016-12-18 18:00:43,"li24_61",18,18,2016,0.181191,0.0761155,0.116268,0.116109923529412,3594
"255648",1482087617,0.107644,310397974,0,0,2016-12-18 19:00:17,"li24_61",19,18,2016,0.181191,0.0621481,0.116268,0.117729031907895,3594
"255709",1482091231,0.107644,615168378,0,0,2016-12-18 20:00:31,"li24_61",20,18,2016,0.164428,0.0621481,0.116268,0.117208926588629,3594
"255769",1482094840,0.0982647,926728876,0,0,2016-12-18 21:00:40,"li24_61",21,18,2016,1.47593,0.0621481,0.116268,0.117129258292282,3595
"255830",1482098451,0.116268,97929125,0,0,2016-12-18 22:00:51,"li24_61",22,18,2016,0.170199,0.0621481,0.116268,0.115146107540984,3599
"255891",1482102054,0.138967,553407528,0,0,2016-12-18 23:00:54,"li24_61",23,18,2016,0.158447,0.0621481,0.116268,0.112711088943089,3594
"255952",1482105619,0.138967,406630676,0,0,2016-12-19 00:00:19,"li24_61",0,19,2016,0.164428,0.0621481,0.116268,0.113819019800333,3595
"256012",1482109208,0.131836,382628707,0,0,2016-12-19 01:00:08,"li24_61",1,19,2016,0.186444,0.0621481,0.116268,0.117374335808581,3594
"256073",1482112832,0.138967,536205218,0,0,2016-12-19 02:00:32,"li24_61",2,19,2016,0.164428,0.0621481,0.116268,0.112773270325901,3594
"256131",1482116411,0.116268,857382725,0,0,2016-12-19 03:00:11,"li24_61",3,19,2016,0.175781,0.0621481,0.116268,0.119228786334405,3595
"256193",1482120001,0.164428,154532376,0,0,2016-12-19 04:00:01,"li24_61",4,19,2016,5.95487,0.0761155,0.116268,0.123684733707865,3594
"256256",1482123640,0.0878906,455344077,0,0,2016-12-19 05:00:40,"li24_61",5,19,2016,0.152231,0.0439453,0.107644,0.107072400830565,3599
"256316",1482127229,0.116268,775009685,0,0,2016-12-19 06:00:29,"li24_61",6,19,2016,0.164428,0.0621481,0.116268,0.112785804006678,3595
"256376",1482130834,0.116268,100537206,0,0,2016-12-19 07:00:34,"li24_61",7,19,2016,0.170199,0.0621481,0.116268,0.117734100661157,3595
"256436",1482134408,0.124296,424715596,0,0,2016-12-19 08:00:08,"li24_61",8,19,2016,0.158447,0.0761155,0.116268,0.117123653731343,3589
"256497",1482138048,0.0878906,669313656,0,0,2016-12-19 09:00:48,"li24_61",9,19,2016,0.277935,0,0.124296,0.12319286528,3595
"256559",1482141617,0.0761155,84556206,0,0,2016-12-19 10:00:17,"li24_61",10,19,2016,0.175781,0.0761155,0.116268,0.116863280555556,3589
"256620",1482145206,0.116268,384509839,0,0,2016-12-19 11:00:06,"li24_61",11,19,2016,0.690655,0,0.116268,0.118131195333333,3594
"256680",1482148805,0.0982647,697900294,0,0,2016-12-19 12:00:05,"li24_61",12,19,2016,0.164428,0.0621481,0.116268,0.1172286523126,3594
"256743",1482152424,0.107644,996294741,0,0,2016-12-19 13:00:24,"li24_61",13,19,2016,0.170199,0.0761155,0.116268,0.116993658580858,3599
"256804",1482156054,0.116268,308749571,0,0,2016-12-19 14:00:54,"li24_61",14,19,2016,0.186444,0.0761155,0.116268,0.116349920394737,3594
"256864",1482159603,0.124296,628391736,0,0,2016-12-19 15:00:03,"li24_61",15,19,2016,0.175781,0.0621481,0.116268,0.114879668760331,3594
"256925",1482163227,0.0982647,942758709,0,0,2016-12-19 16:00:27,"li24_61",16,19,2016,0.175781,0.0621481,0.116268,0.116744919582665,3594
"256987",1482166812,0.152231,558279380,0,0,2016-12-19 17:00:12,"li24_61",17,19,2016,1.30363,0,0.120282,0.18278355,230
"273568",1482171045,0,31461534,0,0,2016-12-19 18:10:45,"li24_61",18,19,2016,0,0,0,0,0
